<?xml version="1.0" encoding="utf-8"?>
<extension type="module" version="3.8" client="site" method="upgrade">
    <name>MOD_FOO</name>
    <creationDate>[DATE]</creationDate>
    <author>[AUTHOR]</author>
    <authorEmail>[AUTHOR_EMAIL]</authorEmail>
    <authorUrl>[AUTHOR_URL]</authorUrl>
    <copyright>[COPYRIGHT]</copyright>
    <license>GNU General Public License version 2 or later; see LICENSE.txt</license>
    <version>1.0</version>
    <description>MOD_FOO_XML_DESCRIPTION</description>
    <namespace>Joomla\Module\Foo</namespace>
    <scriptfile>script.php</scriptfile>
    <files>
        <filename module="mod_foo">mod_foo.php</filename>
        <folder>tmpl</folder>
        <folder>Helper</folder>
        <folder>language</folder>
        <filename>mod_foo.xml</filename>
    </files>
    <config>
        <fields name="params">
            <fieldset name="basic">
                <field
                    name="domain"
                    type="url"
                    label="MOD_FOO_FIELD_URL_LABEL"
                    filter="url"
                />
            </fieldset>
            <fieldset name="advanced">
                <field
                    name="layout"
                    type="modulelayout"
                    label="JFIELD_ALT_LAYOUT_LABEL"
                    class="custom-select"
                />

                <field
                    name="moduleclass_sfx"
                    type="textarea"
                    label="COM_MODULES_FIELD_MODULECLASS_SFX_LABEL"
                    rows="3"
                />

                <field
                    name="cache"
                    type="list"
                    label="COM_MODULES_FIELD_CACHING_LABEL"
                    default="0"
                >
                    <option value="1">JGLOBAL_USE_GLOBAL</option>
                    <option value="0">COM_MODULES_FIELD_VALUE_NOCACHING</option>
                </field>

                <field
                    name="cache_time"
                    type="number"
                    label="COM_MODULES_FIELD_CACHE_TIME_LABEL"
                    default="0"
                />

                <field
                    name="cachemode"
                    type="hidden"
                    default="itemid"
                >
                    <option value="itemid"></option>
                </field>
            </fieldset>
        </fields>
    </config>
</extension>
