<?xml version="1.0" encoding="utf-8" ?>
<extension type="component" method="upgrade">
	<name>COM_FOOS</name>
	<creationDate>[DATE]</creationDate>
	<author>[AUTHOR]</author>
	<authorEmail>[AUTHOR_EMAIL]</authorEmail>
	<authorUrl>[AUTHOR_URL]</authorUrl>
	<copyright>[COPYRIGHT]</copyright>
	<license>GNU General Public License version 2 or later;</license>
	<version>3.0.0</version>
	<description>COM_FOOS_XML_DESCRIPTION</description>
	<namespace>Joomla\Component\Foos</namespace>
    <scriptfile>script.php</scriptfile>
	<!-- Frond-end files -->
	<files folder="components/com_foos">
		<folder>Controller</folder>
		<folder>View</folder>
		<folder>tmpl</folder>
	</files>
	<!-- Back-end files -->
	<administration>
		<!-- Menu entries -->
		<menu view="foos">COM_FOOS</menu>
		<submenu>
			<menu link="option=com_foos">COM_FOOS</menu>
		</submenu>
		<files folder="administrator/components/com_foos">
			<filename>foos.xml</filename>
			<folder>Controller</folder>
			<folder>Extension</folder>
			<folder>Service</folder>
			<folder>View</folder>
			<folder>services</folder>
			<folder>tmpl</folder>
		</files>
	</administration>
</extension>
