<?xml version="1.0" encoding="utf-8" ?>
<extension type="component" version="4.0" method="upgrade">
	<name>COM_FOOS</name>
	<creationDate>[DATE]</creationDate>
	<author>[AUTHOR]</author>
	<authorEmail>[AUTHOR_EMAIL]</authorEmail>
	<authorUrl>[AUTHOR_URL]</authorUrl>
	<copyright>[COPYRIGHT]</copyright>
	<license>GNU General Public License version 2 or later;</license>
	<version>1.0</version>
	<description>COM_FOOS_XML_DESCRIPTION</description>
	<namespace>Joomla\Component\Foos</namespace>
	<scriptfile>script.php</scriptfile>
	<install> <!-- Runs on install -->
		<sql>
			<file driver="mysql" charset="utf8">sql/install.mysql.utf8.sql</file>
		</sql>
	</install>
	<uninstall> <!-- Runs on uninstall -->
		<sql>
			<file driver="mysql" charset="utf8">sql/uninstall.mysql.utf8.sql</file>
		</sql>
	</uninstall>
	<!-- Frond-end files -->
	<files folder="components/com_foos">
		<folder>Controller</folder>
		<folder>Model</folder>
		<folder>View</folder>
		<folder>tmpl</folder>
	</files>
    <media folder="media/com_foos" destination="com_foos">
		<folder>js</folder>
    </media>
	<!-- Back-end files -->
	<administration>
		<!-- Menu entries -->
		<menu view="foos">COM_FOOS</menu>
		<submenu>
			<menu link="option=com_foos">COM_FOOS</menu>
		</submenu>
		<files folder="administrator/components/com_foos">
			<filename>foos.xml</filename>
			<folder>Controller</folder>
			<folder>Extension</folder>
			<folder>Model</folder>
			<folder>Service</folder>
			<folder>View</folder>
			<folder>services</folder>
			<folder>tmpl</folder>
			<folder>sql</folder>
		</files>
	</administration>
</extension>
