<?xml version="1.0" encoding="utf-8"?>
<metadata>
	<layout title="COM_FOOS_FOO_VIEW_DEFAULT_TITLE">
		<message>
			<![CDATA[COM_FOOS_FOO_VIEW_DEFAULT_DESC]]>
		</message>
	</layout>
	<!-- Add fields to the request variables for the layout. -->
	<fields name="request">
		<fieldset name="request"
			addfieldprefix="Joomla\Component\Foos\Administrator\Field"
		>
			<field
				name="id"
				type="modal_foo"
				label="COM_FOOS_SELECT_FOO_LABEL"
				required="true"
				select="true"
				new="true"
				edit="true"
				clear="true"
			/>
		</fieldset>
	</fields>
</metadata>
